First Name,Last Name,High School,Graduating Year
John,Doe,Springfield High,2023
Jane,Smith,Rivertown High,2022
Alice,Johnson,Lakewood High,2023
Bob,Brown,Mountainview High,2021
Emily,Davis,Greenfield High,2022
Michael,Wilson,Springfield High,2024
Sarah,Lee,Rivertown High,2023
David,Martinez,Lakewood High,2024
Laura,Garcia,Mountainview High,2022
James,Anderson,Greenfield High,2023
Linda,Thomas,Springfield High,2021
Robert,Moore,Rivertown High,2024
Patricia,Taylor,Lakewood High,2021
Charles,Jackson,Mountainview High,2023
Barbara,White,Greenfield High,2024
Steven,Harris,Springfield High,2022
Jessica,Clark,Rivertown High,2021